{
  "project_info": {
    "project_number": "659881100305",
    "firebase_url": "https://kit-admin-61380-default-rtdb.firebaseio.com",
    "project_id": "kit-admin-61380",
    "storage_bucket": "kit-admin-61380.appspot.com"
  },
  "client": [
    {
      "client_info": {
        "mobilesdk_app_id": "1:659881100305:android:c4b00c93be5aa2dfd25db0",
        "android_client_info": {
          "package_name": "com.firstapp.kitadmin"
        }
      },
      "oauth_client": [
        {
          "client_id": "659881100305-7o6n41uvfs6qpo4o4pc81tvifm27edv2.apps.googleusercontent.com",
          "client_type": 3
        }
      ],
      "api_key": [
        {
          "current_key": "AIzaSyC0bzhsuYKvTaKsg7pBhRNiZIIbYfVLsYk"
        }
      ],
      "services": {
        "appinvite_service": {
          "other_platform_oauth_client": [
            {
              "client_id": "659881100305-7o6n41uvfs6qpo4o4pc81tvifm27edv2.apps.googleusercontent.com",
              "client_type": 3
            }
          ]
        }
      }
    },
    {
      "client_info": {
        "mobilesdk_app_id": "1:659881100305:android:80f4fd77f6b10b21d25db0",
        "android_client_info": {
          "package_name": "com.firstapp.kitcoek"
        }
      },
      "oauth_client": [
        {
          "client_id": "659881100305-7o6n41uvfs6qpo4o4pc81tvifm27edv2.apps.googleusercontent.com",
          "client_type": 3
        }
      ],
      "api_key": [
        {
          "current_key": "AIzaSyC0bzhsuYKvTaKsg7pBhRNiZIIbYfVLsYk"
        }
      ],
      "services": {
        "appinvite_service": {
          "other_platform_oauth_client": [
            {
              "client_id": "659881100305-7o6n41uvfs6qpo4o4pc81tvifm27edv2.apps.googleusercontent.com",
              "client_type": 3
            }
          ]
        }
      }
    }
  ],
  "configuration_version": "1"
}